case_id,hotel_id,room_a_index,room_b_index,room_a_name,room_b_name,room_a_features,room_b_features,fuzzy_score,ordinary_ratio,token_sort_ratio,character_length_ratio,token_count_ratio,same_category,identity_tokens_both_present,shared_identity_token,identity_token_overlap_ratio,identity_token_mismatch,luxury_variant_mismatch,overwater_mismatch,bedroom_count_both_known,same_bedroom_count,room_class_both_known,same_room_class,view_both_known,same_view,bed_type_both_known,same_bed_type,bed_type_compatible,bed_config_both_present,same_bed_configuration,occupancy_both_known,same_occupancy,both_single_use,single_use_mismatch,both_balcony,balcony_mismatch,both_pool_access,pool_access_mismatch,both_swim_up,swim_up_mismatch,label,pair_key
hotel_16299421_20260722_173317,16299421,1,134,Premium Room,"Premium Double room (twin beds) (bed type is subject to availability, sofa, welcome drink)","{""identity_tokens"": [], ""category"": ""room"", ""building_block"": null, ""room_class"": ""premium"", ""suite_type"": ""not_applicable"", ""layout"": ""unknown"", ""luxury_variant"": false, ""overwater"": false, ""club_access"": false, ""view"": ""unknown"", ""balcony"": false, ""terrace"": false, ""dormitory_bed_count"": null, ""dormitory_type"": ""not_applicable"", ""bed_type"": ""unknown"", ""bedroom_count"": null, ""bed_configuration"": [], ""connecting_room"": false, ""swim_up"": false, ""pool_access"": false, ""annex"": false, ""jacuzzi"": false, ""hot_tub"": false, ""occupancy"": null, ""single_use"": false, ""bed_relation"": ""unknown"", ""bed_assignment_uncertain"": false}","{""identity_tokens"": [], ""category"": ""room"", ""building_block"": null, ""room_class"": ""premium"", ""suite_type"": ""not_applicable"", ""layout"": ""unknown"", ""luxury_variant"": false, ""overwater"": false, ""club_access"": false, ""view"": ""unknown"", ""balcony"": false, ""terrace"": false, ""dormitory_bed_count"": null, ""dormitory_type"": ""not_applicable"", ""bed_type"": ""twin"", ""bedroom_count"": null, ""bed_configuration"": [{""type"": ""twin"", ""count"": null}], ""connecting_room"": false, ""swim_up"": false, ""pool_access"": false, ""annex"": false, ""jacuzzi"": false, ""hot_tub"": false, ""occupancy"": 2, ""single_use"": false, ""bed_relation"": ""unknown"", ""bed_assignment_uncertain"": true}",100.0,58.53658536585367,58.53658536585367,0.4137931034482758,0.4,1,0,0,0.0,0,0,0,0,0,1,1,0,0,0,0,1,0,0,0,0,0,0,0,0,0,0,0,0,1,16299421|||premium double room twin beds|||premium room
hotel_16299421_20260722_173317,16299421,13,134,DOUBLE PREMIUM,"Premium Double room (twin beds) (bed type is subject to availability, sofa, welcome drink)","{""identity_tokens"": [], ""category"": ""unknown"", ""building_block"": null, ""room_class"": ""premium"", ""suite_type"": ""not_applicable"", ""layout"": ""unknown"", ""luxury_variant"": false, ""overwater"": false, ""club_access"": false, ""view"": ""unknown"", ""balcony"": false, ""terrace"": false, ""dormitory_bed_count"": null, ""dormitory_type"": ""not_applicable"", ""bed_type"": ""unknown"", ""bedroom_count"": null, ""bed_configuration"": [{""type"": ""double"", ""count"": null}], ""connecting_room"": false, ""swim_up"": false, ""pool_access"": false, ""annex"": false, ""jacuzzi"": false, ""hot_tub"": false, ""occupancy"": 2, ""single_use"": false, ""bed_relation"": ""unknown"", ""bed_assignment_uncertain"": false}","{""identity_tokens"": [], ""category"": ""room"", ""building_block"": null, ""room_class"": ""premium"", ""suite_type"": ""not_applicable"", ""layout"": ""unknown"", ""luxury_variant"": false, ""overwater"": false, ""club_access"": false, ""view"": ""unknown"", ""balcony"": false, ""terrace"": false, ""dormitory_bed_count"": null, ""dormitory_type"": ""not_applicable"", ""bed_type"": ""twin"", ""bedroom_count"": null, ""bed_configuration"": [{""type"": ""twin"", ""count"": null}], ""connecting_room"": false, ""swim_up"": false, ""pool_access"": false, ""annex"": false, ""jacuzzi"": false, ""hot_tub"": false, ""occupancy"": 2, ""single_use"": false, ""bed_relation"": ""unknown"", ""bed_assignment_uncertain"": true}",100.0,46.51162790697675,65.11627906976744,0.4827586206896552,0.4,0,0,0,0.0,0,0,0,0,0,1,1,0,0,0,0,1,1,0,1,1,0,0,0,0,0,0,0,0,1,16299421|||double premium|||premium double room twin beds
hotel_16299421_20260722_173317,16299421,77,134,PREMIUM DOUBLE ROOM (FULL DOUBLE BED) (BED TYPE IS SUBJECT TO AVAILABILITY),"Premium Double room (twin beds) (bed type is subject to availability, sofa, welcome drink)","{""identity_tokens"": [], ""category"": ""room"", ""building_block"": null, ""room_class"": ""premium"", ""suite_type"": ""not_applicable"", ""layout"": ""unknown"", ""luxury_variant"": false, ""overwater"": false, ""club_access"": false, ""view"": ""unknown"", ""balcony"": false, ""terrace"": false, ""dormitory_bed_count"": null, ""dormitory_type"": ""not_applicable"", ""bed_type"": ""double"", ""bedroom_count"": null, ""bed_configuration"": [{""type"": ""double"", ""count"": 1}], ""connecting_room"": false, ""swim_up"": false, ""pool_access"": false, ""annex"": false, ""jacuzzi"": false, ""hot_tub"": false, ""occupancy"": 2, ""single_use"": false, ""bed_relation"": ""unknown"", ""bed_assignment_uncertain"": true}","{""identity_tokens"": [], ""category"": ""room"", ""building_block"": null, ""room_class"": ""premium"", ""suite_type"": ""not_applicable"", ""layout"": ""unknown"", ""luxury_variant"": false, ""overwater"": false, ""club_access"": false, ""view"": ""unknown"", ""balcony"": false, ""terrace"": false, ""dormitory_bed_count"": null, ""dormitory_type"": ""not_applicable"", ""bed_type"": ""twin"", ""bedroom_count"": null, ""bed_configuration"": [{""type"": ""twin"", ""count"": null}], ""connecting_room"": false, ""swim_up"": false, ""pool_access"": false, ""annex"": false, ""jacuzzi"": false, ""hot_tub"": false, ""occupancy"": 2, ""single_use"": false, ""bed_relation"": ""unknown"", ""bed_assignment_uncertain"": true}",84.21052631578948,75.0,71.875,0.8285714285714286,0.8333333333333334,1,0,0,0.0,0,0,0,0,0,1,1,0,0,1,0,1,1,0,1,1,0,0,0,0,0,0,0,0,1,16299421|||premium double room full double bed|||premium double room twin beds
hotel_16299421_20260722_173317,16299421,133,134,"Premium Double room (full double bed) (bed type is subject to availability, sofa, welcome drink)","Premium Double room (twin beds) (bed type is subject to availability, sofa, welcome drink)","{""identity_tokens"": [], ""category"": ""room"", ""building_block"": null, ""room_class"": ""premium"", ""suite_type"": ""not_applicable"", ""layout"": ""unknown"", ""luxury_variant"": false, ""overwater"": false, ""club_access"": false, ""view"": ""unknown"", ""balcony"": false, ""terrace"": false, ""dormitory_bed_count"": null, ""dormitory_type"": ""not_applicable"", ""bed_type"": ""double"", ""bedroom_count"": null, ""bed_configuration"": [{""type"": ""double"", ""count"": 1}], ""connecting_room"": false, ""swim_up"": false, ""pool_access"": false, ""annex"": false, ""jacuzzi"": false, ""hot_tub"": false, ""occupancy"": 2, ""single_use"": false, ""bed_relation"": ""unknown"", ""bed_assignment_uncertain"": true}","{""identity_tokens"": [], ""category"": ""room"", ""building_block"": null, ""room_class"": ""premium"", ""suite_type"": ""not_applicable"", ""layout"": ""unknown"", ""luxury_variant"": false, ""overwater"": false, ""club_access"": false, ""view"": ""unknown"", ""balcony"": false, ""terrace"": false, ""dormitory_bed_count"": null, ""dormitory_type"": ""not_applicable"", ""bed_type"": ""twin"", ""bedroom_count"": null, ""bed_configuration"": [{""type"": ""twin"", ""count"": null}], ""connecting_room"": false, ""swim_up"": false, ""pool_access"": false, ""annex"": false, ""jacuzzi"": false, ""hot_tub"": false, ""occupancy"": 2, ""single_use"": false, ""bed_relation"": ""unknown"", ""bed_assignment_uncertain"": true}",84.21052631578948,75.0,71.875,0.8285714285714286,0.8333333333333334,1,0,0,0.0,0,0,0,0,0,1,1,0,0,1,0,1,1,0,1,1,0,0,0,0,0,0,0,0,1,16299421|||premium double room full double bed|||premium double room twin beds
hotel_16299421_20260722_173317,16299421,134,219,"Premium Double room (twin beds) (bed type is subject to availability, sofa, welcome drink)",Premium Double Room,"{""identity_tokens"": [], ""category"": ""room"", ""building_block"": null, ""room_class"": ""premium"", ""suite_type"": ""not_applicable"", ""layout"": ""unknown"", ""luxury_variant"": false, ""overwater"": false, ""club_access"": false, ""view"": ""unknown"", ""balcony"": false, ""terrace"": false, ""dormitory_bed_count"": null, ""dormitory_type"": ""not_applicable"", ""bed_type"": ""twin"", ""bedroom_count"": null, ""bed_configuration"": [{""type"": ""twin"", ""count"": null}], ""connecting_room"": false, ""swim_up"": false, ""pool_access"": false, ""annex"": false, ""jacuzzi"": false, ""hot_tub"": false, ""occupancy"": 2, ""single_use"": false, ""bed_relation"": ""unknown"", ""bed_assignment_uncertain"": true}","{""identity_tokens"": [], ""category"": ""room"", ""building_block"": null, ""room_class"": ""premium"", ""suite_type"": ""not_applicable"", ""layout"": ""unknown"", ""luxury_variant"": false, ""overwater"": false, ""club_access"": false, ""view"": ""unknown"", ""balcony"": false, ""terrace"": false, ""dormitory_bed_count"": null, ""dormitory_type"": ""not_applicable"", ""bed_type"": ""double"", ""bedroom_count"": null, ""bed_configuration"": [{""type"": ""double"", ""count"": null}], ""connecting_room"": false, ""swim_up"": false, ""pool_access"": false, ""annex"": false, ""jacuzzi"": false, ""hot_tub"": false, ""occupancy"": 2, ""single_use"": false, ""bed_relation"": ""unknown"", ""bed_assignment_uncertain"": false}",100.0,79.16666666666666,79.16666666666666,0.6551724137931034,0.6,1,0,0,0.0,0,0,0,0,0,1,1,0,0,1,0,1,1,0,1,1,0,0,0,0,0,0,0,0,1,16299421|||premium double room|||premium double room twin beds
hotel_16299421_20260722_173317,16299421,134,130,"Premium Double room (twin beds) (bed type is subject to availability, sofa, welcome drink)",Premium Double room (full double bed),"{""identity_tokens"": [], ""category"": ""room"", ""building_block"": null, ""room_class"": ""premium"", ""suite_type"": ""not_applicable"", ""layout"": ""unknown"", ""luxury_variant"": false, ""overwater"": false, ""club_access"": false, ""view"": ""unknown"", ""balcony"": false, ""terrace"": false, ""dormitory_bed_count"": null, ""dormitory_type"": ""not_applicable"", ""bed_type"": ""twin"", ""bedroom_count"": null, ""bed_configuration"": [{""type"": ""twin"", ""count"": null}], ""connecting_room"": false, ""swim_up"": false, ""pool_access"": false, ""annex"": false, ""jacuzzi"": false, ""hot_tub"": false, ""occupancy"": 2, ""single_use"": false, ""bed_relation"": ""unknown"", ""bed_assignment_uncertain"": true}","{""identity_tokens"": [], ""category"": ""room"", ""building_block"": null, ""room_class"": ""premium"", ""suite_type"": ""not_applicable"", ""layout"": ""unknown"", ""luxury_variant"": false, ""overwater"": false, ""club_access"": false, ""view"": ""unknown"", ""balcony"": false, ""terrace"": false, ""dormitory_bed_count"": null, ""dormitory_type"": ""not_applicable"", ""bed_type"": ""double"", ""bedroom_count"": null, ""bed_configuration"": [{""type"": ""double"", ""count"": 1}], ""connecting_room"": false, ""swim_up"": false, ""pool_access"": false, ""annex"": false, ""jacuzzi"": false, ""hot_tub"": false, ""occupancy"": 2, ""single_use"": false, ""bed_relation"": ""unknown"", ""bed_assignment_uncertain"": false}",84.21052631578948,75.0,71.875,0.8285714285714286,0.8333333333333334,1,0,0,0.0,0,0,0,0,0,1,1,0,0,1,0,1,1,0,1,1,0,0,0,0,0,0,0,0,1,16299421|||premium double room full double bed|||premium double room twin beds
hotel_16299421_20260722_173317,16299421,1,78,Premium Room,PREMIUM DOUBLE ROOM (TWIN BEDS),"{""identity_tokens"": [], ""category"": ""room"", ""building_block"": null, ""room_class"": ""premium"", ""suite_type"": ""not_applicable"", ""layout"": ""unknown"", ""luxury_variant"": false, ""overwater"": false, ""club_access"": false, ""view"": ""unknown"", ""balcony"": false, ""terrace"": false, ""dormitory_bed_count"": null, ""dormitory_type"": ""not_applicable"", ""bed_type"": ""unknown"", ""bedroom_count"": null, ""bed_configuration"": [], ""connecting_room"": false, ""swim_up"": false, ""pool_access"": false, ""annex"": false, ""jacuzzi"": false, ""hot_tub"": false, ""occupancy"": null, ""single_use"": false, ""bed_relation"": ""unknown"", ""bed_assignment_uncertain"": false}","{""identity_tokens"": [], ""category"": ""room"", ""building_block"": null, ""room_class"": ""premium"", ""suite_type"": ""not_applicable"", ""layout"": ""unknown"", ""luxury_variant"": false, ""overwater"": false, ""club_access"": false, ""view"": ""unknown"", ""balcony"": false, ""terrace"": false, ""dormitory_bed_count"": null, ""dormitory_type"": ""not_applicable"", ""bed_type"": ""twin"", ""bedroom_count"": null, ""bed_configuration"": [{""type"": ""twin"", ""count"": null}], ""connecting_room"": false, ""swim_up"": false, ""pool_access"": false, ""annex"": false, ""jacuzzi"": false, ""hot_tub"": false, ""occupancy"": 2, ""single_use"": false, ""bed_relation"": ""unknown"", ""bed_assignment_uncertain"": false}",100.0,58.53658536585367,58.53658536585367,0.4137931034482758,0.4,1,0,0,0.0,0,0,0,0,0,1,1,0,0,0,0,0,0,0,0,0,0,0,0,0,0,0,0,0,0,16299421|||premium double room twin beds|||premium room
hotel_16299421_20260722_173317,16299421,13,78,DOUBLE PREMIUM,PREMIUM DOUBLE ROOM (TWIN BEDS),"{""identity_tokens"": [], ""category"": ""unknown"", ""building_block"": null, ""room_class"": ""premium"", ""suite_type"": ""not_applicable"", ""layout"": ""unknown"", ""luxury_variant"": false, ""overwater"": false, ""club_access"": false, ""view"": ""unknown"", ""balcony"": false, ""terrace"": false, ""dormitory_bed_count"": null, ""dormitory_type"": ""not_applicable"", ""bed_type"": ""unknown"", ""bedroom_count"": null, ""bed_configuration"": [{""type"": ""double"", ""count"": null}], ""connecting_room"": false, ""swim_up"": false, ""pool_access"": false, ""annex"": false, ""jacuzzi"": false, ""hot_tub"": false, ""occupancy"": 2, ""single_use"": false, ""bed_relation"": ""unknown"", ""bed_assignment_uncertain"": false}","{""identity_tokens"": [], ""category"": ""room"", ""building_block"": null, ""room_class"": ""premium"", ""suite_type"": ""not_applicable"", ""layout"": ""unknown"", ""luxury_variant"": false, ""overwater"": false, ""club_access"": false, ""view"": ""unknown"", ""balcony"": false, ""terrace"": false, ""dormitory_bed_count"": null, ""dormitory_type"": ""not_applicable"", ""bed_type"": ""twin"", ""bedroom_count"": null, ""bed_configuration"": [{""type"": ""twin"", ""count"": null}], ""connecting_room"": false, ""swim_up"": false, ""pool_access"": false, ""annex"": false, ""jacuzzi"": false, ""hot_tub"": false, ""occupancy"": 2, ""single_use"": false, ""bed_relation"": ""unknown"", ""bed_assignment_uncertain"": false}",100.0,46.51162790697675,65.11627906976744,0.4827586206896552,0.4,0,0,0,0.0,0,0,0,0,0,1,1,0,0,0,0,0,1,0,1,1,0,0,0,0,0,0,0,0,0,16299421|||double premium|||premium double room twin beds
hotel_16299421_20260722_173317,16299421,77,78,PREMIUM DOUBLE ROOM (FULL DOUBLE BED) (BED TYPE IS SUBJECT TO AVAILABILITY),PREMIUM DOUBLE ROOM (TWIN BEDS),"{""identity_tokens"": [], ""category"": ""room"", ""building_block"": null, ""room_class"": ""premium"", ""suite_type"": ""not_applicable"", ""layout"": ""unknown"", ""luxury_variant"": false, ""overwater"": false, ""club_access"": false, ""view"": ""unknown"", ""balcony"": false, ""terrace"": false, ""dormitory_bed_count"": null, ""dormitory_type"": ""not_applicable"", ""bed_type"": ""double"", ""bedroom_count"": null, ""bed_configuration"": [{""type"": ""double"", ""count"": 1}], ""connecting_room"": false, ""swim_up"": false, ""pool_access"": false, ""annex"": false, ""jacuzzi"": false, ""hot_tub"": false, ""occupancy"": 2, ""single_use"": false, ""bed_relation"": ""unknown"", ""bed_assignment_uncertain"": true}","{""identity_tokens"": [], ""category"": ""room"", ""building_block"": null, ""room_class"": ""premium"", ""suite_type"": ""not_applicable"", ""layout"": ""unknown"", ""luxury_variant"": false, ""overwater"": false, ""club_access"": false, ""view"": ""unknown"", ""balcony"": false, ""terrace"": false, ""dormitory_bed_count"": null, ""dormitory_type"": ""not_applicable"", ""bed_type"": ""twin"", ""bedroom_count"": null, ""bed_configuration"": [{""type"": ""twin"", ""count"": null}], ""connecting_room"": false, ""swim_up"": false, ""pool_access"": false, ""annex"": false, ""jacuzzi"": false, ""hot_tub"": false, ""occupancy"": 2, ""single_use"": false, ""bed_relation"": ""unknown"", ""bed_assignment_uncertain"": false}",84.21052631578948,75.0,71.875,0.8285714285714286,0.8333333333333334,1,0,0,0.0,0,0,0,0,0,1,1,0,0,1,0,1,1,0,1,1,0,0,0,0,0,0,0,0,0,16299421|||premium double room full double bed|||premium double room twin beds
hotel_16299421_20260722_173317,16299421,133,78,"Premium Double room (full double bed) (bed type is subject to availability, sofa, welcome drink)",PREMIUM DOUBLE ROOM (TWIN BEDS),"{""identity_tokens"": [], ""category"": ""room"", ""building_block"": null, ""room_class"": ""premium"", ""suite_type"": ""not_applicable"", ""layout"": ""unknown"", ""luxury_variant"": false, ""overwater"": false, ""club_access"": false, ""view"": ""unknown"", ""balcony"": false, ""terrace"": false, ""dormitory_bed_count"": null, ""dormitory_type"": ""not_applicable"", ""bed_type"": ""double"", ""bedroom_count"": null, ""bed_configuration"": [{""type"": ""double"", ""count"": 1}], ""connecting_room"": false, ""swim_up"": false, ""pool_access"": false, ""annex"": false, ""jacuzzi"": false, ""hot_tub"": false, ""occupancy"": 2, ""single_use"": false, ""bed_relation"": ""unknown"", ""bed_assignment_uncertain"": true}","{""identity_tokens"": [], ""category"": ""room"", ""building_block"": null, ""room_class"": ""premium"", ""suite_type"": ""not_applicable"", ""layout"": ""unknown"", ""luxury_variant"": false, ""overwater"": false, ""club_access"": false, ""view"": ""unknown"", ""balcony"": false, ""terrace"": false, ""dormitory_bed_count"": null, ""dormitory_type"": ""not_applicable"", ""bed_type"": ""twin"", ""bedroom_count"": null, ""bed_configuration"": [{""type"": ""twin"", ""count"": null}], ""connecting_room"": false, ""swim_up"": false, ""pool_access"": false, ""annex"": false, ""jacuzzi"": false, ""hot_tub"": false, ""occupancy"": 2, ""single_use"": false, ""bed_relation"": ""unknown"", ""bed_assignment_uncertain"": false}",84.21052631578948,75.0,71.875,0.8285714285714286,0.8333333333333334,1,0,0,0.0,0,0,0,0,0,1,1,0,0,1,0,1,1,0,1,1,0,0,0,0,0,0,0,0,0,16299421|||premium double room full double bed|||premium double room twin beds
hotel_16299421_20260722_173317,16299421,219,78,Premium Double Room,PREMIUM DOUBLE ROOM (TWIN BEDS),"{""identity_tokens"": [], ""category"": ""room"", ""building_block"": null, ""room_class"": ""premium"", ""suite_type"": ""not_applicable"", ""layout"": ""unknown"", ""luxury_variant"": false, ""overwater"": false, ""club_access"": false, ""view"": ""unknown"", ""balcony"": false, ""terrace"": false, ""dormitory_bed_count"": null, ""dormitory_type"": ""not_applicable"", ""bed_type"": ""double"", ""bedroom_count"": null, ""bed_configuration"": [{""type"": ""double"", ""count"": null}], ""connecting_room"": false, ""swim_up"": false, ""pool_access"": false, ""annex"": false, ""jacuzzi"": false, ""hot_tub"": false, ""occupancy"": 2, ""single_use"": false, ""bed_relation"": ""unknown"", ""bed_assignment_uncertain"": false}","{""identity_tokens"": [], ""category"": ""room"", ""building_block"": null, ""room_class"": ""premium"", ""suite_type"": ""not_applicable"", ""layout"": ""unknown"", ""luxury_variant"": false, ""overwater"": false, ""club_access"": false, ""view"": ""unknown"", ""balcony"": false, ""terrace"": false, ""dormitory_bed_count"": null, ""dormitory_type"": ""not_applicable"", ""bed_type"": ""twin"", ""bedroom_count"": null, ""bed_configuration"": [{""type"": ""twin"", ""count"": null}], ""connecting_room"": false, ""swim_up"": false, ""pool_access"": false, ""annex"": false, ""jacuzzi"": false, ""hot_tub"": false, ""occupancy"": 2, ""single_use"": false, ""bed_relation"": ""unknown"", ""bed_assignment_uncertain"": false}",100.0,79.16666666666666,79.16666666666666,0.6551724137931034,0.6,1,0,0,0.0,0,0,0,0,0,1,1,0,0,1,0,0,1,0,1,1,0,0,0,0,0,0,0,0,0,16299421|||premium double room|||premium double room twin beds
hotel_16299421_20260722_173317,16299421,130,78,Premium Double room (full double bed),PREMIUM DOUBLE ROOM (TWIN BEDS),"{""identity_tokens"": [], ""category"": ""room"", ""building_block"": null, ""room_class"": ""premium"", ""suite_type"": ""not_applicable"", ""layout"": ""unknown"", ""luxury_variant"": false, ""overwater"": false, ""club_access"": false, ""view"": ""unknown"", ""balcony"": false, ""terrace"": false, ""dormitory_bed_count"": null, ""dormitory_type"": ""not_applicable"", ""bed_type"": ""double"", ""bedroom_count"": null, ""bed_configuration"": [{""type"": ""double"", ""count"": 1}], ""connecting_room"": false, ""swim_up"": false, ""pool_access"": false, ""annex"": false, ""jacuzzi"": false, ""hot_tub"": false, ""occupancy"": 2, ""single_use"": false, ""bed_relation"": ""unknown"", ""bed_assignment_uncertain"": false}","{""identity_tokens"": [], ""category"": ""room"", ""building_block"": null, ""room_class"": ""premium"", ""suite_type"": ""not_applicable"", ""layout"": ""unknown"", ""luxury_variant"": false, ""overwater"": false, ""club_access"": false, ""view"": ""unknown"", ""balcony"": false, ""terrace"": false, ""dormitory_bed_count"": null, ""dormitory_type"": ""not_applicable"", ""bed_type"": ""twin"", ""bedroom_count"": null, ""bed_configuration"": [{""type"": ""twin"", ""count"": null}], ""connecting_room"": false, ""swim_up"": false, ""pool_access"": false, ""annex"": false, ""jacuzzi"": false, ""hot_tub"": false, ""occupancy"": 2, ""single_use"": false, ""bed_relation"": ""unknown"", ""bed_assignment_uncertain"": false}",84.21052631578948,75.0,71.875,0.8285714285714286,0.8333333333333334,1,0,0,0.0,0,0,0,0,0,1,1,0,0,1,0,0,1,0,1,1,0,0,0,0,0,0,0,0,0,16299421|||premium double room full double bed|||premium double room twin beds
hotel_39620741_20260722_174828,39620741,21,165,Lagoon Duplex Swim-up Quad,"Lagoon Duplex Swim Up Quad , 1 Double Bed and 2 Twin Sofa Beds","{""identity_tokens"": [""quad"", ""up""], ""category"": ""unknown"", ""building_block"": null, ""room_class"": ""unknown"", ""suite_type"": ""not_applicable"", ""layout"": ""duplex"", ""luxury_variant"": false, ""overwater"": false, ""club_access"": false, ""view"": ""unknown"", ""balcony"": false, ""terrace"": false, ""dormitory_bed_count"": null, ""dormitory_type"": ""not_applicable"", ""bed_type"": ""unknown"", ""bedroom_count"": null, ""bed_configuration"": [], ""connecting_room"": false, ""swim_up"": true, ""pool_access"": true, ""annex"": false, ""jacuzzi"": false, ""hot_tub"": false, ""occupancy"": 4, ""single_use"": false, ""bed_relation"": ""unknown"", ""bed_assignment_uncertain"": false}","{""identity_tokens"": [""quad"", ""up""], ""category"": ""unknown"", ""building_block"": null, ""room_class"": ""unknown"", ""suite_type"": ""not_applicable"", ""layout"": ""duplex"", ""luxury_variant"": false, ""overwater"": false, ""club_access"": false, ""view"": ""unknown"", ""balcony"": false, ""terrace"": false, ""dormitory_bed_count"": null, ""dormitory_type"": ""not_applicable"", ""bed_type"": ""double"", ""bedroom_count"": null, ""bed_configuration"": [{""type"": ""double"", ""count"": 1}, {""type"": ""sofa"", ""count"": 2}, {""type"": ""twin"", ""count"": 2}], ""connecting_room"": false, ""swim_up"": true, ""pool_access"": true, ""annex"": false, ""jacuzzi"": false, ""hot_tub"": false, ""occupancy"": 4, ""single_use"": false, ""bed_relation"": ""combined"", ""bed_assignment_uncertain"": false}",100.0,60.46511627906976,60.46511627906976,0.4333333333333333,0.3846153846153846,1,1,1,1.0,0,0,0,0,0,0,0,0,0,0,0,0,0,0,1,1,0,0,0,0,1,0,1,0,1,39620741|||lagoon duplex swim up quad|||lagoon duplex swim up quad 1 double bed and 2 twin sofa beds
hotel_39620741_20260722_174828,39620741,103,165,Lagoon Duplex Swim Up Quad,"Lagoon Duplex Swim Up Quad , 1 Double Bed and 2 Twin Sofa Beds","{""identity_tokens"": [""quad"", ""up""], ""category"": ""unknown"", ""building_block"": null, ""room_class"": ""unknown"", ""suite_type"": ""not_applicable"", ""layout"": ""duplex"", ""luxury_variant"": false, ""overwater"": false, ""club_access"": false, ""view"": ""unknown"", ""balcony"": false, ""terrace"": false, ""dormitory_bed_count"": null, ""dormitory_type"": ""not_applicable"", ""bed_type"": ""unknown"", ""bedroom_count"": null, ""bed_configuration"": [], ""connecting_room"": false, ""swim_up"": true, ""pool_access"": true, ""annex"": false, ""jacuzzi"": false, ""hot_tub"": false, ""occupancy"": 4, ""single_use"": false, ""bed_relation"": ""unknown"", ""bed_assignment_uncertain"": false}","{""identity_tokens"": [""quad"", ""up""], ""category"": ""unknown"", ""building_block"": null, ""room_class"": ""unknown"", ""suite_type"": ""not_applicable"", ""layout"": ""duplex"", ""luxury_variant"": false, ""overwater"": false, ""club_access"": false, ""view"": ""unknown"", ""balcony"": false, ""terrace"": false, ""dormitory_bed_count"": null, ""dormitory_type"": ""not_applicable"", ""bed_type"": ""double"", ""bedroom_count"": null, ""bed_configuration"": [{""type"": ""double"", ""count"": 1}, {""type"": ""sofa"", ""count"": 2}, {""type"": ""twin"", ""count"": 2}], ""connecting_room"": false, ""swim_up"": true, ""pool_access"": true, ""annex"": false, ""jacuzzi"": false, ""hot_tub"": false, ""occupancy"": 4, ""single_use"": false, ""bed_relation"": ""combined"", ""bed_assignment_uncertain"": false}",100.0,60.46511627906976,60.46511627906976,0.4333333333333333,0.3846153846153846,1,1,1,1.0,0,0,0,0,0,0,0,0,0,0,0,0,0,0,1,1,0,0,0,0,1,0,1,0,1,39620741|||lagoon duplex swim up quad|||lagoon duplex swim up quad 1 double bed and 2 twin sofa beds
hotel_39620741_20260722_174828,39620741,23,150,"A Block Family Land Quad , 1 Double Bed and 2 Twin Sofa Beds",A Block Family Land Quad,"{""identity_tokens"": [""a"", ""block"", ""quad""], ""category"": ""unknown"", ""building_block"": ""a"", ""room_class"": ""unknown"", ""suite_type"": ""not_applicable"", ""layout"": ""unknown"", ""luxury_variant"": false, ""overwater"": false, ""club_access"": false, ""view"": ""unknown"", ""balcony"": false, ""terrace"": false, ""dormitory_bed_count"": null, ""dormitory_type"": ""not_applicable"", ""bed_type"": ""double"", ""bedroom_count"": null, ""bed_configuration"": [{""type"": ""double"", ""count"": 1}, {""type"": ""sofa"", ""count"": 2}, {""type"": ""twin"", ""count"": 2}], ""connecting_room"": false, ""swim_up"": false, ""pool_access"": false, ""annex"": false, ""jacuzzi"": false, ""hot_tub"": false, ""occupancy"": 4, ""single_use"": false, ""bed_relation"": ""combined"", ""bed_assignment_uncertain"": false}","{""identity_tokens"": [""a"", ""block"", ""quad""], ""category"": ""unknown"", ""building_block"": ""a"", ""room_class"": ""unknown"", ""suite_type"": ""not_applicable"", ""layout"": ""unknown"", ""luxury_variant"": false, ""overwater"": false, ""club_access"": false, ""view"": ""unknown"", ""balcony"": false, ""terrace"": false, ""dormitory_bed_count"": null, ""dormitory_type"": ""not_applicable"", ""bed_type"": ""unknown"", ""bedroom_count"": null, ""bed_configuration"": [], ""connecting_room"": false, ""swim_up"": false, ""pool_access"": false, ""annex"": false, ""jacuzzi"": false, ""hot_tub"": false, ""occupancy"": 4, ""single_use"": false, ""bed_relation"": ""unknown"", ""bed_assignment_uncertain"": false}",100.0,58.53658536585367,58.53658536585367,0.4137931034482758,0.3846153846153846,1,1,1,1.0,0,0,0,0,0,0,0,0,0,0,0,0,0,0,1,1,0,0,0,0,0,0,0,0,1,39620741|||a block family land quad|||a block family land quad 1 double bed and 2 twin sofa beds
hotel_39620741_20260722_174828,39620741,21,157,Lagoon Duplex Swim-up Quad,"Lagoon Duplex Swim Up Quad,1 Double Bed and 2 Twin Sofa Beds","{""identity_tokens"": [""quad"", ""up""], ""category"": ""unknown"", ""building_block"": null, ""room_class"": ""unknown"", ""suite_type"": ""not_applicable"", ""layout"": ""duplex"", ""luxury_variant"": false, ""overwater"": false, ""club_access"": false, ""view"": ""unknown"", ""balcony"": false, ""terrace"": false, ""dormitory_bed_count"": null, ""dormitory_type"": ""not_applicable"", ""bed_type"": ""unknown"", ""bedroom_count"": null, ""bed_configuration"": [], ""connecting_room"": false, ""swim_up"": true, ""pool_access"": true, ""annex"": false, ""jacuzzi"": false, ""hot_tub"": false, ""occupancy"": 4, ""single_use"": false, ""bed_relation"": ""unknown"", ""bed_assignment_uncertain"": false}","{""identity_tokens"": [""quad"", ""up""], ""category"": ""unknown"", ""building_block"": null, ""room_class"": ""unknown"", ""suite_type"": ""not_applicable"", ""layout"": ""duplex"", ""luxury_variant"": false, ""overwater"": false, ""club_access"": false, ""view"": ""unknown"", ""balcony"": false, ""terrace"": false, ""dormitory_bed_count"": null, ""dormitory_type"": ""not_applicable"", ""bed_type"": ""double"", ""bedroom_count"": null, ""bed_configuration"": [{""type"": ""double"", ""count"": 1}, {""type"": ""sofa"", ""count"": 2}, {""type"": ""twin"", ""count"": 2}], ""connecting_room"": false, ""swim_up"": true, ""pool_access"": true, ""annex"": false, ""jacuzzi"": false, ""hot_tub"": false, ""occupancy"": 4, ""single_use"": false, ""bed_relation"": ""combined"", ""bed_assignment_uncertain"": false}",100.0,60.46511627906976,60.46511627906976,0.4333333333333333,0.3846153846153846,1,1,1,1.0,0,0,0,0,0,0,0,0,0,0,0,0,0,0,1,1,0,0,0,0,1,0,1,0,0,39620741|||lagoon duplex swim up quad|||lagoon duplex swim up quad 1 double bed and 2 twin sofa beds
hotel_39620741_20260722_174828,39620741,103,157,Lagoon Duplex Swim Up Quad,"Lagoon Duplex Swim Up Quad,1 Double Bed and 2 Twin Sofa Beds","{""identity_tokens"": [""quad"", ""up""], ""category"": ""unknown"", ""building_block"": null, ""room_class"": ""unknown"", ""suite_type"": ""not_applicable"", ""layout"": ""duplex"", ""luxury_variant"": false, ""overwater"": false, ""club_access"": false, ""view"": ""unknown"", ""balcony"": false, ""terrace"": false, ""dormitory_bed_count"": null, ""dormitory_type"": ""not_applicable"", ""bed_type"": ""unknown"", ""bedroom_count"": null, ""bed_configuration"": [], ""connecting_room"": false, ""swim_up"": true, ""pool_access"": true, ""annex"": false, ""jacuzzi"": false, ""hot_tub"": false, ""occupancy"": 4, ""single_use"": false, ""bed_relation"": ""unknown"", ""bed_assignment_uncertain"": false}","{""identity_tokens"": [""quad"", ""up""], ""category"": ""unknown"", ""building_block"": null, ""room_class"": ""unknown"", ""suite_type"": ""not_applicable"", ""layout"": ""duplex"", ""luxury_variant"": false, ""overwater"": false, ""club_access"": false, ""view"": ""unknown"", ""balcony"": false, ""terrace"": false, ""dormitory_bed_count"": null, ""dormitory_type"": ""not_applicable"", ""bed_type"": ""double"", ""bedroom_count"": null, ""bed_configuration"": [{""type"": ""double"", ""count"": 1}, {""type"": ""sofa"", ""count"": 2}, {""type"": ""twin"", ""count"": 2}], ""connecting_room"": false, ""swim_up"": true, ""pool_access"": true, ""annex"": false, ""jacuzzi"": false, ""hot_tub"": false, ""occupancy"": 4, ""single_use"": false, ""bed_relation"": ""combined"", ""bed_assignment_uncertain"": false}",100.0,60.46511627906976,60.46511627906976,0.4333333333333333,0.3846153846153846,1,1,1,1.0,0,0,0,0,0,0,0,0,0,0,0,0,0,0,1,1,0,0,0,0,1,0,1,0,0,39620741|||lagoon duplex swim up quad|||lagoon duplex swim up quad 1 double bed and 2 twin sofa beds
hotel_39620741_20260722_174828,39620741,150,156,A Block Family Land Quad,"A Block Family Land Quad,1 Double Bed and 2 Twin Sofa Beds","{""identity_tokens"": [""a"", ""block"", ""quad""], ""category"": ""unknown"", ""building_block"": ""a"", ""room_class"": ""unknown"", ""suite_type"": ""not_applicable"", ""layout"": ""unknown"", ""luxury_variant"": false, ""overwater"": false, ""club_access"": false, ""view"": ""unknown"", ""balcony"": false, ""terrace"": false, ""dormitory_bed_count"": null, ""dormitory_type"": ""not_applicable"", ""bed_type"": ""unknown"", ""bedroom_count"": null, ""bed_configuration"": [], ""connecting_room"": false, ""swim_up"": false, ""pool_access"": false, ""annex"": false, ""jacuzzi"": false, ""hot_tub"": false, ""occupancy"": 4, ""single_use"": false, ""bed_relation"": ""unknown"", ""bed_assignment_uncertain"": false}","{""identity_tokens"": [""a"", ""block"", ""quad""], ""category"": ""unknown"", ""building_block"": ""a"", ""room_class"": ""unknown"", ""suite_type"": ""not_applicable"", ""layout"": ""unknown"", ""luxury_variant"": false, ""overwater"": false, ""club_access"": false, ""view"": ""unknown"", ""balcony"": false, ""terrace"": false, ""dormitory_bed_count"": null, ""dormitory_type"": ""not_applicable"", ""bed_type"": ""double"", ""bedroom_count"": null, ""bed_configuration"": [{""type"": ""double"", ""count"": 1}, {""type"": ""sofa"", ""count"": 2}, {""type"": ""twin"", ""count"": 2}], ""connecting_room"": false, ""swim_up"": false, ""pool_access"": false, ""annex"": false, ""jacuzzi"": false, ""hot_tub"": false, ""occupancy"": 4, ""single_use"": false, ""bed_relation"": ""combined"", ""bed_assignment_uncertain"": false}",100.0,58.53658536585367,58.53658536585367,0.4137931034482758,0.3846153846153846,1,1,1,1.0,0,0,0,0,0,0,0,0,0,0,0,0,0,0,1,1,0,0,0,0,0,0,0,0,0,39620741|||a block family land quad|||a block family land quad 1 double bed and 2 twin sofa beds
hotel_39631685_20260722_163327,39631685,2,46,Premier Sea View Room with Adventure Park Access,premier double room with sea view (full double bed) (bed type is subject to availability  park access),"{""identity_tokens"": [""adventure"", ""park""], ""category"": ""room"", ""building_block"": null, ""room_class"": ""premier"", ""suite_type"": ""not_applicable"", ""layout"": ""unknown"", ""luxury_variant"": false, ""overwater"": false, ""club_access"": false, ""view"": ""sea"", ""balcony"": false, ""terrace"": false, ""dormitory_bed_count"": null, ""dormitory_type"": ""not_applicable"", ""bed_type"": ""unknown"", ""bedroom_count"": null, ""bed_configuration"": [], ""connecting_room"": false, ""swim_up"": false, ""pool_access"": false, ""annex"": false, ""jacuzzi"": false, ""hot_tub"": false, ""occupancy"": null, ""single_use"": false, ""bed_relation"": ""unknown"", ""bed_assignment_uncertain"": false}","{""identity_tokens"": [], ""category"": ""room"", ""building_block"": null, ""room_class"": ""premier"", ""suite_type"": ""not_applicable"", ""layout"": ""unknown"", ""luxury_variant"": false, ""overwater"": false, ""club_access"": false, ""view"": ""sea"", ""balcony"": false, ""terrace"": false, ""dormitory_bed_count"": null, ""dormitory_type"": ""not_applicable"", ""bed_type"": ""double"", ""bedroom_count"": null, ""bed_configuration"": [{""type"": ""double"", ""count"": 1}], ""connecting_room"": false, ""swim_up"": false, ""pool_access"": false, ""annex"": false, ""jacuzzi"": false, ""hot_tub"": false, ""occupancy"": 2, ""single_use"": false, ""bed_relation"": ""unknown"", ""bed_assignment_uncertain"": true}",76.47058823529412,55.67010309278351,70.10309278350515,0.979591836734694,0.8888888888888888,1,0,0,0.0,0,0,0,0,0,1,1,1,1,0,0,1,0,0,0,0,0,0,0,0,0,0,0,0,1,39631685|||premier double room with sea view full double bed|||premier sea view room with adventure park access
hotel_39631685_20260722_163327,39631685,5,46,"Premier Room, Sea View with Adventure Park Access",premier double room with sea view (full double bed) (bed type is subject to availability  park access),"{""identity_tokens"": [""adventure"", ""park""], ""category"": ""room"", ""building_block"": null, ""room_class"": ""premier"", ""suite_type"": ""not_applicable"", ""layout"": ""unknown"", ""luxury_variant"": false, ""overwater"": false, ""club_access"": false, ""view"": ""sea"", ""balcony"": false, ""terrace"": false, ""dormitory_bed_count"": null, ""dormitory_type"": ""not_applicable"", ""bed_type"": ""unknown"", ""bedroom_count"": null, ""bed_configuration"": [], ""connecting_room"": false, ""swim_up"": false, ""pool_access"": false, ""annex"": false, ""jacuzzi"": false, ""hot_tub"": false, ""occupancy"": null, ""single_use"": false, ""bed_relation"": ""unknown"", ""bed_assignment_uncertain"": false}","{""identity_tokens"": [], ""category"": ""room"", ""building_block"": null, ""room_class"": ""premier"", ""suite_type"": ""not_applicable"", ""layout"": ""unknown"", ""luxury_variant"": false, ""overwater"": false, ""club_access"": false, ""view"": ""sea"", ""balcony"": false, ""terrace"": false, ""dormitory_bed_count"": null, ""dormitory_type"": ""not_applicable"", ""bed_type"": ""double"", ""bedroom_count"": null, ""bed_configuration"": [{""type"": ""double"", ""count"": 1}], ""connecting_room"": false, ""swim_up"": false, ""pool_access"": false, ""annex"": false, ""jacuzzi"": false, ""hot_tub"": false, ""occupancy"": 2, ""single_use"": false, ""bed_relation"": ""unknown"", ""bed_assignment_uncertain"": true}",76.47058823529412,57.73195876288659,70.10309278350515,0.979591836734694,0.8888888888888888,1,0,0,0.0,0,0,0,0,0,1,1,1,1,0,0,1,0,0,0,0,0,0,0,0,0,0,0,0,1,39631685|||premier double room with sea view full double bed|||premier room sea view with adventure park access
hotel_39631685_20260722_163327,39631685,46,221,premier double room with sea view (full double bed) (bed type is subject to availability  park access),Premier Double room with sea view (full double bed) (park access),"{""identity_tokens"": [], ""category"": ""room"", ""building_block"": null, ""room_class"": ""premier"", ""suite_type"": ""not_applicable"", ""layout"": ""unknown"", ""luxury_variant"": false, ""overwater"": false, ""club_access"": false, ""view"": ""sea"", ""balcony"": false, ""terrace"": false, ""dormitory_bed_count"": null, ""dormitory_type"": ""not_applicable"", ""bed_type"": ""double"", ""bedroom_count"": null, ""bed_configuration"": [{""type"": ""double"", ""count"": 1}], ""connecting_room"": false, ""swim_up"": false, ""pool_access"": false, ""annex"": false, ""jacuzzi"": false, ""hot_tub"": false, ""occupancy"": 2, ""single_use"": false, ""bed_relation"": ""unknown"", ""bed_assignment_uncertain"": true}","{""identity_tokens"": [""park""], ""category"": ""room"", ""building_block"": null, ""room_class"": ""premier"", ""suite_type"": ""not_applicable"", ""layout"": ""unknown"", ""luxury_variant"": false, ""overwater"": false, ""club_access"": false, ""view"": ""sea"", ""balcony"": false, ""terrace"": false, ""dormitory_bed_count"": null, ""dormitory_type"": ""not_applicable"", ""bed_type"": ""double"", ""bedroom_count"": null, ""bed_configuration"": [{""type"": ""double"", ""count"": 1}], ""connecting_room"": false, ""swim_up"": false, ""pool_access"": false, ""annex"": false, ""jacuzzi"": false, ""hot_tub"": false, ""occupancy"": 2, ""single_use"": false, ""bed_relation"": ""unknown"", ""bed_assignment_uncertain"": false}",100.0,89.0909090909091,89.0909090909091,0.8032786885245902,0.8181818181818182,1,0,0,0.0,0,0,0,0,0,1,1,1,1,1,1,1,1,1,1,1,0,0,0,0,0,0,0,0,1,39631685|||premier double room with sea view full double bed|||premier double room with sea view full double bed park access
hotel_39631685_20260722_163327,39631685,34,224,twin/double room - premier - sea view,Premier Double room with sea view (full double bed),"{""identity_tokens"": [], ""category"": ""room"", ""building_block"": null, ""room_class"": ""premier"", ""suite_type"": ""not_applicable"", ""layout"": ""unknown"", ""luxury_variant"": false, ""overwater"": false, ""club_access"": false, ""view"": ""sea"", ""balcony"": false, ""terrace"": false, ""dormitory_bed_count"": null, ""dormitory_type"": ""not_applicable"", ""bed_type"": ""double_or_twin"", ""bedroom_count"": null, ""bed_configuration"": [{""type"": ""twin"", ""count"": null}, {""type"": ""double"", ""count"": null}], ""connecting_room"": false, ""swim_up"": false, ""pool_access"": false, ""annex"": false, ""jacuzzi"": false, ""hot_tub"": false, ""occupancy"": 2, ""single_use"": false, ""bed_relation"": ""alternative"", ""bed_assignment_uncertain"": false}","{""identity_tokens"": [], ""category"": ""room"", ""building_block"": null, ""room_class"": ""premier"", ""suite_type"": ""not_applicable"", ""layout"": ""unknown"", ""luxury_variant"": false, ""overwater"": false, ""club_access"": false, ""view"": ""sea"", ""balcony"": false, ""terrace"": false, ""dormitory_bed_count"": null, ""dormitory_type"": ""not_applicable"", ""bed_type"": ""double"", ""bedroom_count"": null, ""bed_configuration"": [{""type"": ""double"", ""count"": 1}], ""connecting_room"": false, ""swim_up"": false, ""pool_access"": false, ""annex"": false, ""jacuzzi"": false, ""hot_tub"": false, ""occupancy"": 2, ""single_use"": false, ""bed_relation"": ""unknown"", ""bed_assignment_uncertain"": false}",91.8032786885246,58.53658536585367,68.29268292682926,0.673469387755102,0.6666666666666666,1,0,0,0.0,0,0,0,0,0,1,1,1,1,1,0,1,1,0,1,1,0,0,0,0,0,0,0,0,1,39631685|||premier double room with sea view full double bed|||twin double room premier sea view
hotel_39631685_20260722_163327,39631685,2,224,Premier Sea View Room with Adventure Park Access,Premier Double room with sea view (full double bed),"{""identity_tokens"": [""adventure"", ""park""], ""category"": ""room"", ""building_block"": null, ""room_class"": ""premier"", ""suite_type"": ""not_applicable"", ""layout"": ""unknown"", ""luxury_variant"": false, ""overwater"": false, ""club_access"": false, ""view"": ""sea"", ""balcony"": false, ""terrace"": false, ""dormitory_bed_count"": null, ""dormitory_type"": ""not_applicable"", ""bed_type"": ""unknown"", ""bedroom_count"": null, ""bed_configuration"": [], ""connecting_room"": false, ""swim_up"": false, ""pool_access"": false, ""annex"": false, ""jacuzzi"": false, ""hot_tub"": false, ""occupancy"": null, ""single_use"": false, ""bed_relation"": ""unknown"", ""bed_assignment_uncertain"": false}","{""identity_tokens"": [], ""category"": ""room"", ""building_block"": null, ""room_class"": ""premier"", ""suite_type"": ""not_applicable"", ""layout"": ""unknown"", ""luxury_variant"": false, ""overwater"": false, ""club_access"": false, ""view"": ""sea"", ""balcony"": false, ""terrace"": false, ""dormitory_bed_count"": null, ""dormitory_type"": ""not_applicable"", ""bed_type"": ""double"", ""bedroom_count"": null, ""bed_configuration"": [{""type"": ""double"", ""count"": 1}], ""connecting_room"": false, ""swim_up"": false, ""pool_access"": false, ""annex"": false, ""jacuzzi"": false, ""hot_tub"": false, ""occupancy"": 2, ""single_use"": false, ""bed_relation"": ""unknown"", ""bed_assignment_uncertain"": false}",76.47058823529412,55.67010309278351,70.10309278350515,0.979591836734694,0.8888888888888888,1,0,0,0.0,0,0,0,0,0,1,1,1,1,0,0,0,0,0,0,0,0,0,0,0,0,0,0,0,0,39631685|||premier double room with sea view full double bed|||premier sea view room with adventure park access
hotel_39631685_20260722_163327,39631685,5,224,"Premier Room, Sea View with Adventure Park Access",Premier Double room with sea view (full double bed),"{""identity_tokens"": [""adventure"", ""park""], ""category"": ""room"", ""building_block"": null, ""room_class"": ""premier"", ""suite_type"": ""not_applicable"", ""layout"": ""unknown"", ""luxury_variant"": false, ""overwater"": false, ""club_access"": false, ""view"": ""sea"", ""balcony"": false, ""terrace"": false, ""dormitory_bed_count"": null, ""dormitory_type"": ""not_applicable"", ""bed_type"": ""unknown"", ""bedroom_count"": null, ""bed_configuration"": [], ""connecting_room"": false, ""swim_up"": false, ""pool_access"": false, ""annex"": false, ""jacuzzi"": false, ""hot_tub"": false, ""occupancy"": null, ""single_use"": false, ""bed_relation"": ""unknown"", ""bed_assignment_uncertain"": false}","{""identity_tokens"": [], ""category"": ""room"", ""building_block"": null, ""room_class"": ""premier"", ""suite_type"": ""not_applicable"", ""layout"": ""unknown"", ""luxury_variant"": false, ""overwater"": false, ""club_access"": false, ""view"": ""sea"", ""balcony"": false, ""terrace"": false, ""dormitory_bed_count"": null, ""dormitory_type"": ""not_applicable"", ""bed_type"": ""double"", ""bedroom_count"": null, ""bed_configuration"": [{""type"": ""double"", ""count"": 1}], ""connecting_room"": false, ""swim_up"": false, ""pool_access"": false, ""annex"": false, ""jacuzzi"": false, ""hot_tub"": false, ""occupancy"": 2, ""single_use"": false, ""bed_relation"": ""unknown"", ""bed_assignment_uncertain"": false}",76.47058823529412,57.73195876288659,70.10309278350515,0.979591836734694,0.8888888888888888,1,0,0,0.0,0,0,0,0,0,1,1,1,1,0,0,0,0,0,0,0,0,0,0,0,0,0,0,0,0,39631685|||premier double room with sea view full double bed|||premier room sea view with adventure park access
hotel_39631685_20260722_163327,39631685,46,34,premier double room with sea view (full double bed) (bed type is subject to availability  park access),twin/double room - premier - sea view,"{""identity_tokens"": [], ""category"": ""room"", ""building_block"": null, ""room_class"": ""premier"", ""suite_type"": ""not_applicable"", ""layout"": ""unknown"", ""luxury_variant"": false, ""overwater"": false, ""club_access"": false, ""view"": ""sea"", ""balcony"": false, ""terrace"": false, ""dormitory_bed_count"": null, ""dormitory_type"": ""not_applicable"", ""bed_type"": ""double"", ""bedroom_count"": null, ""bed_configuration"": [{""type"": ""double"", ""count"": 1}], ""connecting_room"": false, ""swim_up"": false, ""pool_access"": false, ""annex"": false, ""jacuzzi"": false, ""hot_tub"": false, ""occupancy"": 2, ""single_use"": false, ""bed_relation"": ""unknown"", ""bed_assignment_uncertain"": true}","{""identity_tokens"": [], ""category"": ""room"", ""building_block"": null, ""room_class"": ""premier"", ""suite_type"": ""not_applicable"", ""layout"": ""unknown"", ""luxury_variant"": false, ""overwater"": false, ""club_access"": false, ""view"": ""sea"", ""balcony"": false, ""terrace"": false, ""dormitory_bed_count"": null, ""dormitory_type"": ""not_applicable"", ""bed_type"": ""double_or_twin"", ""bedroom_count"": null, ""bed_configuration"": [{""type"": ""twin"", ""count"": null}, {""type"": ""double"", ""count"": null}], ""connecting_room"": false, ""swim_up"": false, ""pool_access"": false, ""annex"": false, ""jacuzzi"": false, ""hot_tub"": false, ""occupancy"": 2, ""single_use"": false, ""bed_relation"": ""alternative"", ""bed_assignment_uncertain"": false}",91.8032786885246,58.53658536585367,68.29268292682926,0.673469387755102,0.6666666666666666,1,0,0,0.0,0,0,0,0,0,1,1,1,1,1,0,1,1,0,1,1,0,0,0,0,0,0,0,0,0,39631685|||premier double room with sea view full double bed|||twin double room premier sea view
hotel_39631685_20260722_163327,39631685,221,224,Premier Double room with sea view (full double bed) (park access),Premier Double room with sea view (full double bed),"{""identity_tokens"": [""park""], ""category"": ""room"", ""building_block"": null, ""room_class"": ""premier"", ""suite_type"": ""not_applicable"", ""layout"": ""unknown"", ""luxury_variant"": false, ""overwater"": false, ""club_access"": false, ""view"": ""sea"", ""balcony"": false, ""terrace"": false, ""dormitory_bed_count"": null, ""dormitory_type"": ""not_applicable"", ""bed_type"": ""double"", ""bedroom_count"": null, ""bed_configuration"": [{""type"": ""double"", ""count"": 1}], ""connecting_room"": false, ""swim_up"": false, ""pool_access"": false, ""annex"": false, ""jacuzzi"": false, ""hot_tub"": false, ""occupancy"": 2, ""single_use"": false, ""bed_relation"": ""unknown"", ""bed_assignment_uncertain"": false}","{""identity_tokens"": [], ""category"": ""room"", ""building_block"": null, ""room_class"": ""premier"", ""suite_type"": ""not_applicable"", ""layout"": ""unknown"", ""luxury_variant"": false, ""overwater"": false, ""club_access"": false, ""view"": ""sea"", ""balcony"": false, ""terrace"": false, ""dormitory_bed_count"": null, ""dormitory_type"": ""not_applicable"", ""bed_type"": ""double"", ""bedroom_count"": null, ""bed_configuration"": [{""type"": ""double"", ""count"": 1}], ""connecting_room"": false, ""swim_up"": false, ""pool_access"": false, ""annex"": false, ""jacuzzi"": false, ""hot_tub"": false, ""occupancy"": 2, ""single_use"": false, ""bed_relation"": ""unknown"", ""bed_assignment_uncertain"": false}",100.0,89.0909090909091,89.0909090909091,0.8032786885245902,0.8181818181818182,1,0,0,0.0,0,0,0,0,0,1,1,1,1,1,1,1,1,1,1,1,0,0,0,0,0,0,0,0,0,39631685|||premier double room with sea view full double bed|||premier double room with sea view full double bed park access
hotel_39759323_20260722_175249,39759323,164,17,"Family Suite Land,1 Double Bed and 2 Twin Beds","Family Suite Land Quad , 1 Double Bed and 2 Twin Beds","{""identity_tokens"": [], ""category"": ""suite"", ""building_block"": null, ""room_class"": ""unknown"", ""suite_type"": ""family"", ""layout"": ""unknown"", ""luxury_variant"": false, ""overwater"": false, ""club_access"": false, ""view"": ""unknown"", ""balcony"": false, ""terrace"": false, ""dormitory_bed_count"": null, ""dormitory_type"": ""not_applicable"", ""bed_type"": ""twin"", ""bedroom_count"": null, ""bed_configuration"": [{""type"": ""double"", ""count"": 1}, {""type"": ""twin"", ""count"": 2}], ""connecting_room"": false, ""swim_up"": false, ""pool_access"": false, ""annex"": false, ""jacuzzi"": false, ""hot_tub"": false, ""occupancy"": 2, ""single_use"": false, ""bed_relation"": ""combined"", ""bed_assignment_uncertain"": false}","{""identity_tokens"": [""quad""], ""category"": ""suite"", ""building_block"": null, ""room_class"": ""unknown"", ""suite_type"": ""family"", ""layout"": ""unknown"", ""luxury_variant"": false, ""overwater"": false, ""club_access"": false, ""view"": ""unknown"", ""balcony"": false, ""terrace"": false, ""dormitory_bed_count"": null, ""dormitory_type"": ""not_applicable"", ""bed_type"": ""twin"", ""bedroom_count"": null, ""bed_configuration"": [{""type"": ""double"", ""count"": 1}, {""type"": ""twin"", ""count"": 2}], ""connecting_room"": false, ""swim_up"": false, ""pool_access"": false, ""annex"": false, ""jacuzzi"": false, ""hot_tub"": false, ""occupancy"": 4, ""single_use"": false, ""bed_relation"": ""combined"", ""bed_assignment_uncertain"": false}",100.0,94.84536082474226,94.84536082474226,0.9019607843137256,0.9090909090909092,1,0,0,0.0,0,0,0,0,0,0,0,0,0,1,1,1,1,1,1,0,0,0,0,0,0,0,0,0,1,39759323|||family suite land 1 double bed and 2 twin beds|||family suite land quad 1 double bed and 2 twin beds
hotel_39759323_20260722_175249,39759323,250,17,Family Suite Land 1 Double Bed and 2 Twin Beds,"Family Suite Land Quad , 1 Double Bed and 2 Twin Beds","{""identity_tokens"": [], ""category"": ""suite"", ""building_block"": null, ""room_class"": ""unknown"", ""suite_type"": ""family"", ""layout"": ""unknown"", ""luxury_variant"": false, ""overwater"": false, ""club_access"": false, ""view"": ""unknown"", ""balcony"": false, ""terrace"": false, ""dormitory_bed_count"": null, ""dormitory_type"": ""not_applicable"", ""bed_type"": ""twin"", ""bedroom_count"": null, ""bed_configuration"": [{""type"": ""double"", ""count"": 1}, {""type"": ""twin"", ""count"": 2}], ""connecting_room"": false, ""swim_up"": false, ""pool_access"": false, ""annex"": false, ""jacuzzi"": false, ""hot_tub"": false, ""occupancy"": 2, ""single_use"": false, ""bed_relation"": ""combined"", ""bed_assignment_uncertain"": false}","{""identity_tokens"": [""quad""], ""category"": ""suite"", ""building_block"": null, ""room_class"": ""unknown"", ""suite_type"": ""family"", ""layout"": ""unknown"", ""luxury_variant"": false, ""overwater"": false, ""club_access"": false, ""view"": ""unknown"", ""balcony"": false, ""terrace"": false, ""dormitory_bed_count"": null, ""dormitory_type"": ""not_applicable"", ""bed_type"": ""twin"", ""bedroom_count"": null, ""bed_configuration"": [{""type"": ""double"", ""count"": 1}, {""type"": ""twin"", ""count"": 2}], ""connecting_room"": false, ""swim_up"": false, ""pool_access"": false, ""annex"": false, ""jacuzzi"": false, ""hot_tub"": false, ""occupancy"": 4, ""single_use"": false, ""bed_relation"": ""combined"", ""bed_assignment_uncertain"": false}",100.0,94.84536082474226,94.84536082474226,0.9019607843137256,0.9090909090909092,1,0,0,0.0,0,0,0,0,0,0,0,0,0,1,1,1,1,1,1,0,0,0,0,0,0,0,0,0,1,39759323|||family suite land 1 double bed and 2 twin beds|||family suite land quad 1 double bed and 2 twin beds
hotel_39759323_20260722_175249,39759323,164,179,"Family Suite Land,1 Double Bed and 2 Twin Beds","Family Suite Land Quad,1 Double Bed and 2 Twin Beds","{""identity_tokens"": [], ""category"": ""suite"", ""building_block"": null, ""room_class"": ""unknown"", ""suite_type"": ""family"", ""layout"": ""unknown"", ""luxury_variant"": false, ""overwater"": false, ""club_access"": false, ""view"": ""unknown"", ""balcony"": false, ""terrace"": false, ""dormitory_bed_count"": null, ""dormitory_type"": ""not_applicable"", ""bed_type"": ""twin"", ""bedroom_count"": null, ""bed_configuration"": [{""type"": ""double"", ""count"": 1}, {""type"": ""twin"", ""count"": 2}], ""connecting_room"": false, ""swim_up"": false, ""pool_access"": false, ""annex"": false, ""jacuzzi"": false, ""hot_tub"": false, ""occupancy"": 2, ""single_use"": false, ""bed_relation"": ""combined"", ""bed_assignment_uncertain"": false}","{""identity_tokens"": [""quad""], ""category"": ""suite"", ""building_block"": null, ""room_class"": ""unknown"", ""suite_type"": ""family"", ""layout"": ""unknown"", ""luxury_variant"": false, ""overwater"": false, ""club_access"": false, ""view"": ""unknown"", ""balcony"": false, ""terrace"": false, ""dormitory_bed_count"": null, ""dormitory_type"": ""not_applicable"", ""bed_type"": ""twin"", ""bedroom_count"": null, ""bed_configuration"": [{""type"": ""double"", ""count"": 1}, {""type"": ""twin"", ""count"": 2}], ""connecting_room"": false, ""swim_up"": false, ""pool_access"": false, ""annex"": false, ""jacuzzi"": false, ""hot_tub"": false, ""occupancy"": 4, ""single_use"": false, ""bed_relation"": ""combined"", ""bed_assignment_uncertain"": false}",100.0,94.84536082474226,94.84536082474226,0.9019607843137256,0.9090909090909092,1,0,0,0.0,0,0,0,0,0,0,0,0,0,1,1,1,1,1,1,0,0,0,0,0,0,0,0,0,0,39759323|||family suite land 1 double bed and 2 twin beds|||family suite land quad 1 double bed and 2 twin beds
hotel_39759323_20260722_175249,39759323,164,260,"Family Suite Land,1 Double Bed and 2 Twin Beds",Family Suite Land Quad 1 Double Bed and 2 Twin Beds,"{""identity_tokens"": [], ""category"": ""suite"", ""building_block"": null, ""room_class"": ""unknown"", ""suite_type"": ""family"", ""layout"": ""unknown"", ""luxury_variant"": false, ""overwater"": false, ""club_access"": false, ""view"": ""unknown"", ""balcony"": false, ""terrace"": false, ""dormitory_bed_count"": null, ""dormitory_type"": ""not_applicable"", ""bed_type"": ""twin"", ""bedroom_count"": null, ""bed_configuration"": [{""type"": ""double"", ""count"": 1}, {""type"": ""twin"", ""count"": 2}], ""connecting_room"": false, ""swim_up"": false, ""pool_access"": false, ""annex"": false, ""jacuzzi"": false, ""hot_tub"": false, ""occupancy"": 2, ""single_use"": false, ""bed_relation"": ""combined"", ""bed_assignment_uncertain"": false}","{""identity_tokens"": [""quad""], ""category"": ""suite"", ""building_block"": null, ""room_class"": ""unknown"", ""suite_type"": ""family"", ""layout"": ""unknown"", ""luxury_variant"": false, ""overwater"": false, ""club_access"": false, ""view"": ""unknown"", ""balcony"": false, ""terrace"": false, ""dormitory_bed_count"": null, ""dormitory_type"": ""not_applicable"", ""bed_type"": ""twin"", ""bedroom_count"": null, ""bed_configuration"": [{""type"": ""double"", ""count"": 1}, {""type"": ""twin"", ""count"": 2}], ""connecting_room"": false, ""swim_up"": false, ""pool_access"": false, ""annex"": false, ""jacuzzi"": false, ""hot_tub"": false, ""occupancy"": 4, ""single_use"": false, ""bed_relation"": ""combined"", ""bed_assignment_uncertain"": false}",100.0,94.84536082474226,94.84536082474226,0.9019607843137256,0.9090909090909092,1,0,0,0.0,0,0,0,0,0,0,0,0,0,1,1,1,1,1,1,0,0,0,0,0,0,0,0,0,0,39759323|||family suite land 1 double bed and 2 twin beds|||family suite land quad 1 double bed and 2 twin beds
hotel_39759323_20260722_175249,39759323,250,179,Family Suite Land 1 Double Bed and 2 Twin Beds,"Family Suite Land Quad,1 Double Bed and 2 Twin Beds","{""identity_tokens"": [], ""category"": ""suite"", ""building_block"": null, ""room_class"": ""unknown"", ""suite_type"": ""family"", ""layout"": ""unknown"", ""luxury_variant"": false, ""overwater"": false, ""club_access"": false, ""view"": ""unknown"", ""balcony"": false, ""terrace"": false, ""dormitory_bed_count"": null, ""dormitory_type"": ""not_applicable"", ""bed_type"": ""twin"", ""bedroom_count"": null, ""bed_configuration"": [{""type"": ""double"", ""count"": 1}, {""type"": ""twin"", ""count"": 2}], ""connecting_room"": false, ""swim_up"": false, ""pool_access"": false, ""annex"": false, ""jacuzzi"": false, ""hot_tub"": false, ""occupancy"": 2, ""single_use"": false, ""bed_relation"": ""combined"", ""bed_assignment_uncertain"": false}","{""identity_tokens"": [""quad""], ""category"": ""suite"", ""building_block"": null, ""room_class"": ""unknown"", ""suite_type"": ""family"", ""layout"": ""unknown"", ""luxury_variant"": false, ""overwater"": false, ""club_access"": false, ""view"": ""unknown"", ""balcony"": false, ""terrace"": false, ""dormitory_bed_count"": null, ""dormitory_type"": ""not_applicable"", ""bed_type"": ""twin"", ""bedroom_count"": null, ""bed_configuration"": [{""type"": ""double"", ""count"": 1}, {""type"": ""twin"", ""count"": 2}], ""connecting_room"": false, ""swim_up"": false, ""pool_access"": false, ""annex"": false, ""jacuzzi"": false, ""hot_tub"": false, ""occupancy"": 4, ""single_use"": false, ""bed_relation"": ""combined"", ""bed_assignment_uncertain"": false}",100.0,94.84536082474226,94.84536082474226,0.9019607843137256,0.9090909090909092,1,0,0,0.0,0,0,0,0,0,0,0,0,0,1,1,1,1,1,1,0,0,0,0,0,0,0,0,0,0,39759323|||family suite land 1 double bed and 2 twin beds|||family suite land quad 1 double bed and 2 twin beds
hotel_39759323_20260722_175249,39759323,250,260,Family Suite Land 1 Double Bed and 2 Twin Beds,Family Suite Land Quad 1 Double Bed and 2 Twin Beds,"{""identity_tokens"": [], ""category"": ""suite"", ""building_block"": null, ""room_class"": ""unknown"", ""suite_type"": ""family"", ""layout"": ""unknown"", ""luxury_variant"": false, ""overwater"": false, ""club_access"": false, ""view"": ""unknown"", ""balcony"": false, ""terrace"": false, ""dormitory_bed_count"": null, ""dormitory_type"": ""not_applicable"", ""bed_type"": ""twin"", ""bedroom_count"": null, ""bed_configuration"": [{""type"": ""double"", ""count"": 1}, {""type"": ""twin"", ""count"": 2}], ""connecting_room"": false, ""swim_up"": false, ""pool_access"": false, ""annex"": false, ""jacuzzi"": false, ""hot_tub"": false, ""occupancy"": 2, ""single_use"": false, ""bed_relation"": ""combined"", ""bed_assignment_uncertain"": false}","{""identity_tokens"": [""quad""], ""category"": ""suite"", ""building_block"": null, ""room_class"": ""unknown"", ""suite_type"": ""family"", ""layout"": ""unknown"", ""luxury_variant"": false, ""overwater"": false, ""club_access"": false, ""view"": ""unknown"", ""balcony"": false, ""terrace"": false, ""dormitory_bed_count"": null, ""dormitory_type"": ""not_applicable"", ""bed_type"": ""twin"", ""bedroom_count"": null, ""bed_configuration"": [{""type"": ""double"", ""count"": 1}, {""type"": ""twin"", ""count"": 2}], ""connecting_room"": false, ""swim_up"": false, ""pool_access"": false, ""annex"": false, ""jacuzzi"": false, ""hot_tub"": false, ""occupancy"": 4, ""single_use"": false, ""bed_relation"": ""combined"", ""bed_assignment_uncertain"": false}",100.0,94.84536082474226,94.84536082474226,0.9019607843137256,0.9090909090909092,1,0,0,0.0,0,0,0,0,0,0,0,0,0,1,1,1,1,1,1,0,0,0,0,0,0,0,0,0,0,39759323|||family suite land 1 double bed and 2 twin beds|||family suite land quad 1 double bed and 2 twin beds
hotel_39766989_20260722_173629,39766989,7,69,LARGE ROOM (2AD),Be Large Double Room,"{""identity_tokens"": [""large""], ""category"": ""room"", ""building_block"": null, ""room_class"": ""unknown"", ""suite_type"": ""not_applicable"", ""layout"": ""unknown"", ""luxury_variant"": false, ""overwater"": false, ""club_access"": false, ""view"": ""unknown"", ""balcony"": false, ""terrace"": false, ""dormitory_bed_count"": null, ""dormitory_type"": ""not_applicable"", ""bed_type"": ""unknown"", ""bedroom_count"": null, ""bed_configuration"": [], ""connecting_room"": false, ""swim_up"": false, ""pool_access"": false, ""annex"": false, ""jacuzzi"": false, ""hot_tub"": false, ""occupancy"": null, ""single_use"": false, ""bed_relation"": ""unknown"", ""bed_assignment_uncertain"": false}","{""identity_tokens"": [""be"", ""large""], ""category"": ""room"", ""building_block"": null, ""room_class"": ""unknown"", ""suite_type"": ""not_applicable"", ""layout"": ""unknown"", ""luxury_variant"": false, ""overwater"": false, ""club_access"": false, ""view"": ""unknown"", ""balcony"": false, ""terrace"": false, ""dormitory_bed_count"": null, ""dormitory_type"": ""not_applicable"", ""bed_type"": ""double"", ""bedroom_count"": null, ""bed_configuration"": [{""type"": ""double"", ""count"": null}], ""connecting_room"": false, ""swim_up"": false, ""pool_access"": false, ""annex"": false, ""jacuzzi"": false, ""hot_tub"": false, ""occupancy"": 2, ""single_use"": false, ""bed_relation"": ""unknown"", ""bed_assignment_uncertain"": false}",100.0,66.66666666666667,66.66666666666667,0.5,0.5,1,1,1,1.0,0,0,0,0,0,0,0,0,0,0,0,0,0,0,0,0,0,0,0,0,0,0,0,0,1,39766989|||be large double room|||large room
hotel_39766989_20260722_173629,39766989,7,107,LARGE ROOM (2AD),Large Double Room,"{""identity_tokens"": [""large""], ""category"": ""room"", ""building_block"": null, ""room_class"": ""unknown"", ""suite_type"": ""not_applicable"", ""layout"": ""unknown"", ""luxury_variant"": false, ""overwater"": false, ""club_access"": false, ""view"": ""unknown"", ""balcony"": false, ""terrace"": false, ""dormitory_bed_count"": null, ""dormitory_type"": ""not_applicable"", ""bed_type"": ""unknown"", ""bedroom_count"": null, ""bed_configuration"": [], ""connecting_room"": false, ""swim_up"": false, ""pool_access"": false, ""annex"": false, ""jacuzzi"": false, ""hot_tub"": false, ""occupancy"": null, ""single_use"": false, ""bed_relation"": ""unknown"", ""bed_assignment_uncertain"": false}","{""identity_tokens"": [""large""], ""category"": ""room"", ""building_block"": null, ""room_class"": ""unknown"", ""suite_type"": ""not_applicable"", ""layout"": ""unknown"", ""luxury_variant"": false, ""overwater"": false, ""club_access"": false, ""view"": ""unknown"", ""balcony"": false, ""terrace"": false, ""dormitory_bed_count"": null, ""dormitory_type"": ""not_applicable"", ""bed_type"": ""double"", ""bedroom_count"": null, ""bed_configuration"": [{""type"": ""double"", ""count"": null}], ""connecting_room"": false, ""swim_up"": false, ""pool_access"": false, ""annex"": false, ""jacuzzi"": false, ""hot_tub"": false, ""occupancy"": 2, ""single_use"": false, ""bed_relation"": ""unknown"", ""bed_assignment_uncertain"": false}",100.0,74.07407407407408,74.07407407407408,0.5882352941176471,0.6666666666666666,1,1,1,1.0,0,0,0,0,0,0,0,0,0,0,0,0,0,0,0,0,0,0,0,0,0,0,0,0,1,39766989|||large double room|||large room
hotel_39766989_20260722_173629,39766989,30,101,ROOM,Large Room,"{""identity_tokens"": [], ""category"": ""room"", ""building_block"": null, ""room_class"": ""unknown"", ""suite_type"": ""not_applicable"", ""layout"": ""unknown"", ""luxury_variant"": false, ""overwater"": false, ""club_access"": false, ""view"": ""unknown"", ""balcony"": false, ""terrace"": false, ""dormitory_bed_count"": null, ""dormitory_type"": ""not_applicable"", ""bed_type"": ""unknown"", ""bedroom_count"": null, ""bed_configuration"": [], ""connecting_room"": false, ""swim_up"": false, ""pool_access"": false, ""annex"": false, ""jacuzzi"": false, ""hot_tub"": false, ""occupancy"": null, ""single_use"": false, ""bed_relation"": ""unknown"", ""bed_assignment_uncertain"": false}","{""identity_tokens"": [""large""], ""category"": ""room"", ""building_block"": null, ""room_class"": ""unknown"", ""suite_type"": ""not_applicable"", ""layout"": ""unknown"", ""luxury_variant"": false, ""overwater"": false, ""club_access"": false, ""view"": ""unknown"", ""balcony"": false, ""terrace"": false, ""dormitory_bed_count"": null, ""dormitory_type"": ""not_applicable"", ""bed_type"": ""unknown"", ""bedroom_count"": null, ""bed_configuration"": [], ""connecting_room"": false, ""swim_up"": false, ""pool_access"": false, ""annex"": false, ""jacuzzi"": false, ""hot_tub"": false, ""occupancy"": null, ""single_use"": false, ""bed_relation"": ""unknown"", ""bed_assignment_uncertain"": false}",100.0,57.14285714285714,57.14285714285714,0.4,0.5,1,0,0,0.0,0,0,0,0,0,0,0,0,0,0,0,0,0,0,0,0,0,0,0,0,0,0,0,0,1,39766989|||large room|||room
hotel_39766989_20260722_173629,39766989,68,101,Standard Large Room,Large Room,"{""identity_tokens"": [""large""], ""category"": ""room"", ""building_block"": null, ""room_class"": ""standard"", ""suite_type"": ""not_applicable"", ""layout"": ""unknown"", ""luxury_variant"": false, ""overwater"": false, ""club_access"": false, ""view"": ""unknown"", ""balcony"": false, ""terrace"": false, ""dormitory_bed_count"": null, ""dormitory_type"": ""not_applicable"", ""bed_type"": ""unknown"", ""bedroom_count"": null, ""bed_configuration"": [], ""connecting_room"": false, ""swim_up"": false, ""pool_access"": false, ""annex"": false, ""jacuzzi"": false, ""hot_tub"": false, ""occupancy"": null, ""single_use"": false, ""bed_relation"": ""unknown"", ""bed_assignment_uncertain"": false}","{""identity_tokens"": [""large""], ""category"": ""room"", ""building_block"": null, ""room_class"": ""unknown"", ""suite_type"": ""not_applicable"", ""layout"": ""unknown"", ""luxury_variant"": false, ""overwater"": false, ""club_access"": false, ""view"": ""unknown"", ""balcony"": false, ""terrace"": false, ""dormitory_bed_count"": null, ""dormitory_type"": ""not_applicable"", ""bed_type"": ""unknown"", ""bedroom_count"": null, ""bed_configuration"": [], ""connecting_room"": false, ""swim_up"": false, ""pool_access"": false, ""annex"": false, ""jacuzzi"": false, ""hot_tub"": false, ""occupancy"": null, ""single_use"": false, ""bed_relation"": ""unknown"", ""bed_assignment_uncertain"": false}",100.0,68.96551724137932,68.96551724137932,0.5263157894736842,0.6666666666666666,1,1,1,1.0,0,0,0,0,0,0,0,0,0,0,0,0,0,0,0,0,0,0,0,0,0,0,0,0,1,39766989|||large room|||standard large room
hotel_39766989_20260722_173629,39766989,7,30,LARGE ROOM (2AD),ROOM,"{""identity_tokens"": [""large""], ""category"": ""room"", ""building_block"": null, ""room_class"": ""unknown"", ""suite_type"": ""not_applicable"", ""layout"": ""unknown"", ""luxury_variant"": false, ""overwater"": false, ""club_access"": false, ""view"": ""unknown"", ""balcony"": false, ""terrace"": false, ""dormitory_bed_count"": null, ""dormitory_type"": ""not_applicable"", ""bed_type"": ""unknown"", ""bedroom_count"": null, ""bed_configuration"": [], ""connecting_room"": false, ""swim_up"": false, ""pool_access"": false, ""annex"": false, ""jacuzzi"": false, ""hot_tub"": false, ""occupancy"": null, ""single_use"": false, ""bed_relation"": ""unknown"", ""bed_assignment_uncertain"": false}","{""identity_tokens"": [], ""category"": ""room"", ""building_block"": null, ""room_class"": ""unknown"", ""suite_type"": ""not_applicable"", ""layout"": ""unknown"", ""luxury_variant"": false, ""overwater"": false, ""club_access"": false, ""view"": ""unknown"", ""balcony"": false, ""terrace"": false, ""dormitory_bed_count"": null, ""dormitory_type"": ""not_applicable"", ""bed_type"": ""unknown"", ""bedroom_count"": null, ""bed_configuration"": [], ""connecting_room"": false, ""swim_up"": false, ""pool_access"": false, ""annex"": false, ""jacuzzi"": false, ""hot_tub"": false, ""occupancy"": null, ""single_use"": false, ""bed_relation"": ""unknown"", ""bed_assignment_uncertain"": false}",100.0,57.14285714285714,57.14285714285714,0.4,0.5,1,0,0,0.0,0,0,0,0,0,0,0,0,0,0,0,0,0,0,0,0,0,0,0,0,0,0,0,0,0,39766989|||large room|||room
hotel_39766989_20260722_173629,39766989,7,68,LARGE ROOM (2AD),Standard Large Room,"{""identity_tokens"": [""large""], ""category"": ""room"", ""building_block"": null, ""room_class"": ""unknown"", ""suite_type"": ""not_applicable"", ""layout"": ""unknown"", ""luxury_variant"": false, ""overwater"": false, ""club_access"": false, ""view"": ""unknown"", ""balcony"": false, ""terrace"": false, ""dormitory_bed_count"": null, ""dormitory_type"": ""not_applicable"", ""bed_type"": ""unknown"", ""bedroom_count"": null, ""bed_configuration"": [], ""connecting_room"": false, ""swim_up"": false, ""pool_access"": false, ""annex"": false, ""jacuzzi"": false, ""hot_tub"": false, ""occupancy"": null, ""single_use"": false, ""bed_relation"": ""unknown"", ""bed_assignment_uncertain"": false}","{""identity_tokens"": [""large""], ""category"": ""room"", ""building_block"": null, ""room_class"": ""standard"", ""suite_type"": ""not_applicable"", ""layout"": ""unknown"", ""luxury_variant"": false, ""overwater"": false, ""club_access"": false, ""view"": ""unknown"", ""balcony"": false, ""terrace"": false, ""dormitory_bed_count"": null, ""dormitory_type"": ""not_applicable"", ""bed_type"": ""unknown"", ""bedroom_count"": null, ""bed_configuration"": [], ""connecting_room"": false, ""swim_up"": false, ""pool_access"": false, ""annex"": false, ""jacuzzi"": false, ""hot_tub"": false, ""occupancy"": null, ""single_use"": false, ""bed_relation"": ""unknown"", ""bed_assignment_uncertain"": false}",100.0,68.96551724137932,68.96551724137932,0.5263157894736842,0.6666666666666666,1,1,1,1.0,0,0,0,0,0,0,0,0,0,0,0,0,0,0,0,0,0,0,0,0,0,0,0,0,0,39766989|||large room|||standard large room
hotel_39766989_20260722_173629,39766989,69,101,Be Large Double Room,Large Room,"{""identity_tokens"": [""be"", ""large""], ""category"": ""room"", ""building_block"": null, ""room_class"": ""unknown"", ""suite_type"": ""not_applicable"", ""layout"": ""unknown"", ""luxury_variant"": false, ""overwater"": false, ""club_access"": false, ""view"": ""unknown"", ""balcony"": false, ""terrace"": false, ""dormitory_bed_count"": null, ""dormitory_type"": ""not_applicable"", ""bed_type"": ""double"", ""bedroom_count"": null, ""bed_configuration"": [{""type"": ""double"", ""count"": null}], ""connecting_room"": false, ""swim_up"": false, ""pool_access"": false, ""annex"": false, ""jacuzzi"": false, ""hot_tub"": false, ""occupancy"": 2, ""single_use"": false, ""bed_relation"": ""unknown"", ""bed_assignment_uncertain"": false}","{""identity_tokens"": [""large""], ""category"": ""room"", ""building_block"": null, ""room_class"": ""unknown"", ""suite_type"": ""not_applicable"", ""layout"": ""unknown"", ""luxury_variant"": false, ""overwater"": false, ""club_access"": false, ""view"": ""unknown"", ""balcony"": false, ""terrace"": false, ""dormitory_bed_count"": null, ""dormitory_type"": ""not_applicable"", ""bed_type"": ""unknown"", ""bedroom_count"": null, ""bed_configuration"": [], ""connecting_room"": false, ""swim_up"": false, ""pool_access"": false, ""annex"": false, ""jacuzzi"": false, ""hot_tub"": false, ""occupancy"": null, ""single_use"": false, ""bed_relation"": ""unknown"", ""bed_assignment_uncertain"": false}",100.0,66.66666666666667,66.66666666666667,0.5,0.5,1,1,1,1.0,0,0,0,0,0,0,0,0,0,0,0,0,0,0,0,0,0,0,0,0,0,0,0,0,0,39766989|||be large double room|||large room
hotel_39766989_20260722_173629,39766989,107,101,Large Double Room,Large Room,"{""identity_tokens"": [""large""], ""category"": ""room"", ""building_block"": null, ""room_class"": ""unknown"", ""suite_type"": ""not_applicable"", ""layout"": ""unknown"", ""luxury_variant"": false, ""overwater"": false, ""club_access"": false, ""view"": ""unknown"", ""balcony"": false, ""terrace"": false, ""dormitory_bed_count"": null, ""dormitory_type"": ""not_applicable"", ""bed_type"": ""double"", ""bedroom_count"": null, ""bed_configuration"": [{""type"": ""double"", ""count"": null}], ""connecting_room"": false, ""swim_up"": false, ""pool_access"": false, ""annex"": false, ""jacuzzi"": false, ""hot_tub"": false, ""occupancy"": 2, ""single_use"": false, ""bed_relation"": ""unknown"", ""bed_assignment_uncertain"": false}","{""identity_tokens"": [""large""], ""category"": ""room"", ""building_block"": null, ""room_class"": ""unknown"", ""suite_type"": ""not_applicable"", ""layout"": ""unknown"", ""luxury_variant"": false, ""overwater"": false, ""club_access"": false, ""view"": ""unknown"", ""balcony"": false, ""terrace"": false, ""dormitory_bed_count"": null, ""dormitory_type"": ""not_applicable"", ""bed_type"": ""unknown"", ""bedroom_count"": null, ""bed_configuration"": [], ""connecting_room"": false, ""swim_up"": false, ""pool_access"": false, ""annex"": false, ""jacuzzi"": false, ""hot_tub"": false, ""occupancy"": null, ""single_use"": false, ""bed_relation"": ""unknown"", ""bed_assignment_uncertain"": false}",100.0,74.07407407407408,74.07407407407408,0.5882352941176471,0.6666666666666666,1,1,1,1.0,0,0,0,0,0,0,0,0,0,0,0,0,0,0,0,0,0,0,0,0,0,0,0,0,0,39766989|||large double room|||large room
